office,advertiser_party,election_state,advertiser_type,advertiser,target,title,link,issues_combined,total_airings_to_date,estimated_spending,first_aired_on
house,Democrat,NM,Candidate,Torres-Small for NM CD-02,Torres-Small for NM CD-02,Put Politics Aside,https://s3.amazonaws.com/pdfweb/videos/d08ebcb7-ebd6-450b-ab75-f0dd0f6611b1.mp4,Bipartisanship|Coronavirus|Donald Trump,3099,188530.16,2020-07-14
house,Democrat,VA,Candidate,Webb for VA CD-05,Webb for VA CD-05,Affordable Healthcare,https://s3.amazonaws.com/pdfweb/videos/167c7d87-2087-4c2d-9d30-b85210db58e8.mp4,Barack Obama|Coronavirus|Healthcare,1570,113994.19,2020-05-11
house,Democrat,WI,Candidate,Zunker for WI CD-07,Tiffany for WI CD-07,Put Politics Aside,https://s3.amazonaws.com/pdfweb/videos/1d1bdf91-e6d3-4550-a1cd-4f559dc057ad.mp4,Coronavirus|Donald Trump|Healthcare,1427,299942.25,2020-04-21
house,Democrat,NM,Candidate,Plame for NM CD-03,Plame for NM CD-03,My Sister Valerie,https://s3.amazonaws.com/pdfweb/videos/0ef9fa8a-bb33-406e-99c4-b2f831c84cd2.mp4,Coronavirus|Donald Trump|Economy,940,164014.77,2020-05-02
house,Democrat,CA,Coordinated Buy,DCCC/Christy Smith,Garcia for CA CD-25,Putting Community First,https://s3.amazonaws.com/pdfweb/videos/b377da1b-0fc2-41e5-8fb2-860b7a72a234.mp4,Coronavirus||,899,485721.96,2020-04-29
house,Democrat,VA,Candidate,Russo for VA CD-05,Russo for VA CD-05,What Will They Remember?,https://s3.amazonaws.com/pdfweb/videos/4191f318-c876-42c3-b267-ee4f7688a534.mp4,Coronavirus|Healthcare|,826,57245.97,2020-05-29
house,Democrat,VA,Issue Group,Women Vote!,Russo for VA CD-05,Protect Doctors And Nurses,https://s3.amazonaws.com/pdfweb/videos/b3911b38-4bf3-49f6-9f1b-c450e2cd0538.mp4,Coronavirus|Healthcare|Terrorism,793,100918.76,2020-06-03
house,Republican,OR,Issue Group,Defending Main Street Super PAC,Bentz for OR CD-02,Tough Line,https://s3.amazonaws.com/pdfweb/videos/960c3d4b-96d8-4597-a720-bb0625e3fc72.mp4,Coronavirus|Donald Trump|,770,50063.14,2020-04-24
house,Democrat,AZ,Candidate,Tipirneni for AZ CD-06,Tipirneni for AZ CD-06,No Excuses,https://s3.amazonaws.com/pdfweb/videos/822dd0b3-da46-4d33-82f7-6233d2e36726.mp4,Coronavirus|Healthcare|,697,207533.07,2020-07-02
house,Democrat,NM,Candidate,Fernandez for NM CD-03,Fernandez for NM CD-03,Let Science Guide Us,https://s3.amazonaws.com/pdfweb/videos/7470e106-dfbb-4247-b18d-f076196d60c8.mp4,Coronavirus|Donald Trump|Healthcare,590,117083.85,2020-05-21
house,Democrat,SC,Candidate,Cunningham for SC CD-01,Cunningham for SC CD-01,Low Country First,https://s3.amazonaws.com/pdfweb/videos/c13e7221-11b1-4e71-b75a-4e76d8cbfee7.mp4,Coronavirus|Energy|Environment,582,64384.52,2020-07-02
house,Republican,TN,Candidate,Harshbarger for TN CD-01,Harshbarger for TN CD-01,Outsider,https://s3.amazonaws.com/pdfweb/videos/8923bc86-4a07-44e1-b4a4-e775e266253c.mp4,Coronavirus|Donald Trump|,576,64809.4,2020-06-15
house,Democrat,NJ,Candidate,Kennedy for NJ CD-02,Kennedy for NJ CD-02,Matters,https://s3.amazonaws.com/pdfweb/videos/478c59c2-8007-42b9-9f60-365c7b7dcd0d.mp4,Coronavirus|Economy|Healthcare,465,257473.29,2020-05-27
house,Democrat,OK,Candidate,Horn for OK CD-05,Horn for OK CD-05,Greatest Honor,https://s3.amazonaws.com/pdfweb/videos/376f5ce9-1300-4e21-9221-2e0aa6702644.mp4,Coronavirus|Debt|,433,58963.06,2020-07-01
house,Republican,TX,Candidate,Swann for TX CD-17,Sessions for TX CD-17,Not Fooled By China,https://s3.amazonaws.com/pdfweb/videos/829efbc2-2366-4bd3-a7aa-0513395488a7.mp4,Coronavirus|Donald Trump|Trade,430,39048.15,2020-06-16
house,Democrat,VA,Issue Group,Women Vote!,Russo for VA CD-05,Leading Through This Crisis,https://s3.amazonaws.com/pdfweb/videos/8def58f1-81ca-485b-8d2a-970e5bfc3ad5.mp4,Coronavirus|Healthcare|,420,72842.19,2020-06-15
house,Republican,OK,Candidate,Neese for OK CD-05,Neese for OK CD-05,Stand With Trump,https://s3.amazonaws.com/pdfweb/videos/90c875f5-8319-490a-b9ef-f9b25499b16d.mp4,Coronavirus|Donald Trump|Jobs,418,66557.84,2020-06-19
house,Republican,PA,Issue Group,American Action Network,Perry for PA CD-10,Accelerate Innovation,https://s3.amazonaws.com/pdfweb/videos/c1bb97e6-2f6a-435e-a0b2-311150810a66.mp4,Bipartisanship|Coronavirus|Economy,414,156444.31,2020-07-16
house,Democrat,NY,Candidate,Balter for NY CD-24,Balter for NY CD-24,Virtual Town Halls,https://s3.amazonaws.com/pdfweb/videos/1163fe48-6b1d-4c72-a43c-e1b8026b4421.mp4,Coronavirus|Donald Trump|Healthcare,401,51327.51,2020-05-11
house,Democrat,NY,Candidate,Ocasio-Cortez for NY CD-14,Ocasio-Cortez for NY CD-14,Systemic Problems,https://s3.amazonaws.com/pdfweb/videos/1e99c75d-85a1-42a0-8177-928e373fe28e.mp4,Coronavirus|Economy|Law Enforcement,391,309680.27999999997,2020-06-12
house,Republican,TX,Candidate,Wall for TX CD-22,Wall for TX CD-22,Unite,https://s3.amazonaws.com/pdfweb/videos/ce9fc42e-5351-41a8-95d0-5a6a71ababf5.mp4,Coronavirus|Donald Trump|Jobs,386,160565.51,2020-07-03
house,Democrat,NY,Candidate,Conole for NY CD-24,Conole for NY CD-24,Urgent Mission,https://s3.amazonaws.com/pdfweb/videos/2d767428-5a90-40ac-8a68-53270cc039c0.mp4,Coronavirus|Healthcare|,385,39001.07,2020-06-09
house,Republican,FL,Candidate,Askar for FL CD-19,Askar for FL CD-19,China Must Pay,https://s3.amazonaws.com/pdfweb/videos/7412eae1-df2f-4098-9f4c-c86cc0bfd390.mp4,Coronavirus|Donald Trump|Jobs,379,88257.99,2020-05-01
house,Democrat,MI,Candidate,Tlaib for MI CD-13,Tlaib for MI CD-13,Something Special,https://s3.amazonaws.com/pdfweb/videos/4ad8965d-dd26-40fe-a6f0-d395ca7af539.mp4,Coronavirus|Donald Trump|,377,83374.42,2020-06-27
house,Republican,NY,Candidate,Jacobs for NY CD-27,Jacobs for NY CD-27,Troubling Times,https://s3.amazonaws.com/pdfweb/videos/ac0af861-b180-4520-9b12-360e070076b1.mp4,Coronavirus|Donald Trump|Economy,370,42614.36,2020-05-06
house,Republican,AL,Candidate,Carl for AL CD-01,Hightower for AL CD-01,America At Risk,https://s3.amazonaws.com/pdfweb/videos/6e79c876-5b90-417b-9947-c1a82526dafc.mp4,Coronavirus|Donald Trump|Jobs,368,48563.65,2020-06-16
house,Republican,TN,Candidate,Harshbarger for TN CD-01,Harshbarger for TN CD-01,Put America First,https://s3.amazonaws.com/pdfweb/videos/cbbe02b3-0413-4c0c-ad41-5921ee09979a.mp4,Coronavirus|Donald Trump|,365,32712.83,2020-05-01
house,Republican,TX,Candidate,Jackson for TX CD-13,Jackson for TX CD-13,Put Texas First,https://s3.amazonaws.com/pdfweb/videos/8a2ac5de-b1ff-4d7e-a9e3-adb83f895baa.mp4,Coronavirus|Donald Trump|Economy,365,32824.18,2020-06-16
house,Republican,FL,Candidate,St. George for FL CD-03,St. George for FL CD-03,First Do No Harm,https://s3.amazonaws.com/pdfweb/videos/075a9887-5b41-4f6c-b84a-3d0cf498923c.mp4,Coronavirus|Donald Trump|Nancy Pelosi,351,42807.26,2020-06-05
house,Republican,UT,Candidate,Moore for UT CD-01,Moore for UT CD-01,Expect More,https://s3.amazonaws.com/pdfweb/videos/61bf4d4b-b6ca-41c1-9cba-11d63f1f203c.mp4,Coronavirus|Economy|Healthcare,348,50811.28,2020-05-20
house,Republican,TN,Candidate,Harshbarger for TN CD-01,Harshbarger for TN CD-01,Borders Matter,https://s3.amazonaws.com/pdfweb/videos/a78d1ce3-392a-4656-9e72-873922eb6bf2.mp4,Coronavirus|Donald Trump|Immigration,343,31528.38,2020-05-14
house,Republican,FL,Candidate,Askar for FL CD-19,Askar for FL CD-19,Control The Border,https://s3.amazonaws.com/pdfweb/videos/ae4b5021-9dbe-4a57-8566-a4059e68ce2b.mp4,Coronavirus|Donald Trump|Immigration,330,78489.92,2020-05-22
house,Republican,IN,Candidate,Spartz for IN CD-05,Spartz for IN CD-05,Misery Of Socialism,https://s3.amazonaws.com/pdfweb/videos/78dc7a6e-f73c-431a-810b-74677324c138.mp4,Alexandria Ocasio-Cortez|Coronavirus|Donald Trump,330,43917.5,2020-05-08
house,Republican,GA,Candidate,Fuller for GA CD-14,Fuller for GA CD-14,On Duty For Us,https://s3.amazonaws.com/pdfweb/videos/2417ebe9-faca-49be-b0b9-138b8e71145e.mp4,Coronavirus|Donald Trump|Terrorism,327,34215.42,2020-04-18
house,Independent,VA,Issue Group,With Honor Action,Luria for VA CD-02,Crisis Demands Action,https://s3.amazonaws.com/pdfweb/videos/030765ee-32f8-4332-8b86-a1fb5f3b2664.mp4,Bipartisanship|Coronavirus|Veterans,317,117192.72,2020-06-24
house,Republican,IL,Issue Group,American Action Network,Davis for IL CD-13,Find Cures Faster,https://s3.amazonaws.com/pdfweb/videos/1e54ef88-6687-453e-a52d-d4d706780055.mp4,Bipartisanship|Coronavirus|Economy,309,113865.49,2020-07-17
house,Republican,PA,Candidate,Bognet for PA CD-08,Bognet for PA CD-08,Things Have Changed,https://s3.amazonaws.com/pdfweb/videos/9744d2ac-8a22-4e07-9c6b-3f72db8aa63c.mp4,Coronavirus|Donald Trump|Trade,308,46086.31,2020-05-15
house,Democrat,SC,Candidate,Cunningham for SC CD-01,Cunningham for SC CD-01,Work Together,https://s3.amazonaws.com/pdfweb/videos/38899f23-c0d4-4847-808a-e3314894d19e.mp4,Bipartisanship|Coronavirus|Veterans,304,62651.88,2020-07-02
house,Democrat,VA,Candidate,Webb for VA CD-05,Webb for VA CD-05,Not Going Away,https://s3.amazonaws.com/pdfweb/videos/0bc29b6b-e627-4f86-8c07-f69055eecb56.mp4,Barack Obama|Coronavirus|Medicare,302,17264.920000000002,2020-06-19
house,Democrat,PA,Candidate,Cartwright for PA CD-08,Bognet for PA CD-08,Move America Forward,https://s3.amazonaws.com/pdfweb/videos/6f307f3f-8b18-4db5-8384-0ebd524adc5a.mp4,Coronavirus|Healthcare|,274,31994.89,2020-07-14
house,Republican,WA,Candidate,McMorris-Rodgers for WA CD-05,McMorris-Rodgers for WA CD-05,Restore Hope,https://s3.amazonaws.com/pdfweb/videos/58e5b7ad-6267-43db-b2df-0eddd2160702.mp4,Coronavirus||,274,15485.25,2020-07-17
house,Republican,NY,Candidate,Parlato for NY CD-27,Jacobs for NY CD-27,Conservative Values First,https://s3.amazonaws.com/pdfweb/videos/6b1c8a21-cb96-4e7b-b590-9ad4188b300f.mp4,Career Politicians|Coronavirus|Donald Trump,259,37335.87,2020-06-01
house,Democrat,NM,Candidate,Torres-Small for NM CD-02,Torres-Small for NM CD-02,Poner la PolÃ­tica a un lado,https://s3.amazonaws.com/pdfweb/videos/1d10aa06-bfab-4974-a5ae-305169538981.mp4,Bipartisanship|Coronavirus|Donald Trump,252,21161.45,2020-07-14
house,Democrat,NY,Candidate,Caruso-Cabrera for NY CD-14,Ocasio-Cortez for NY CD-14,AOC Was MIA,https://s3.amazonaws.com/pdfweb/videos/32eced84-e7a8-443d-83af-56e863d562c2.mp4,Coronavirus|Healthcare|Jobs,246,224945.34,2020-06-16
house,Democrat,NY,Candidate,Jones for NY CD-17,Jones for NY CD-17,Personal To Me,https://s3.amazonaws.com/pdfweb/videos/a3ca07fa-a81a-495f-808f-80c7b098a27b.mp4,Coronavirus|Healthcare|Medicare,236,176723.21,2020-06-03
house,Democrat,OH,Candidate,Beatty for OH CD-03,Beatty for OH CD-03,Challenging Times,https://s3.amazonaws.com/pdfweb/videos/75d46645-4a1f-4cd6-9236-2a50112885ec.mp4,Coronavirus||,234,71329.88,2020-04-13
house,Republican,OK,Candidate,Hill for OK CD-05,Hill for OK CD-05,I'm Fed Up,https://s3.amazonaws.com/pdfweb/videos/626bf7fb-ec74-4401-8622-fa4a1ca1a8c1.mp4,Coronavirus|Donald Trump|Economy,234,38219.13,2020-06-17
house,Republican,IA,Issue Group,US Chamber of Commerce,King for IA CD-04,Hurting Farmers,https://s3.amazonaws.com/pdfweb/videos/c0a7a7f2-345a-4fe4-b4de-178c689de8b3.mp4,Agriculture|Coronavirus|Donald Trump,233,90041.49,2020-05-13
house,Republican,KS,Candidate,Taylor for KS CD-02,Taylor for KS CD-02,Not A Rubber Stamp,https://s3.amazonaws.com/pdfweb/videos/0bfc2a8a-ee47-42d4-8245-a0c6e0985298.mp4,Coronavirus|Jobs|,231,16931.55,2020-06-24
house,Democrat,PA,Candidate,Cartwright for PA CD-08,Bognet for PA CD-08,Drug Independence,https://s3.amazonaws.com/pdfweb/videos/ad524116-6863-4bf9-b0eb-d0b04865faa9.mp4,Coronavirus|Healthcare|,229,25682.38,2020-07-15
house,Republican,AL,Candidate,Hightower for AL CD-01,Hightower for AL CD-01,Reignite Our Economy,https://s3.amazonaws.com/pdfweb/videos/c1dbb931-8c80-42f4-81a7-c881e3445174.mp4,Coronavirus|Donald Trump|Economy,224,29862.15,2020-06-22
house,Republican,MI,Candidate,Meijer for MI CD-03,Meijer for MI CD-03,This He'll Defend,https://s3.amazonaws.com/pdfweb/videos/1251f0e8-9a50-4821-b5df-2286ef01f3bc.mp4,Coronavirus|Donald Trump|Economy,224,43979.43,2020-05-23
house,Republican,GA,Candidate,Laughridge for GA CD-14,Laughridge for GA CD-14,Made In China,https://s3.amazonaws.com/pdfweb/videos/6c6008b6-e536-485b-a4b2-27273e1c07eb.mp4,Coronavirus|Jobs|,220,25153.77,2020-05-27
house,Democrat,PA,Candidate,Depasquale for PA CD-10,Depasquale for PA CD-10,Done Something,https://s3.amazonaws.com/pdfweb/videos/4cb14f1c-27c7-4074-b547-8936021f514d.mp4,Coronavirus||,217,60019.41,2020-05-21
house,Republican,WI,Candidate,Tiffany for WI CD-07,Tiffany for WI CD-07,Taking Action,https://s3.amazonaws.com/pdfweb/videos/f14df7b0-b308-4492-95d3-cf9853deb4b4.mp4,Agriculture|Coronavirus|Economy,213,33706.03,2020-05-06
house,Republican,GA,Candidate,Fuller for GA CD-14,Fuller for GA CD-14,On Duty For Us,https://s3.amazonaws.com/pdfweb/videos/5eb8d901-2fb5-4c69-b3bc-ded542c2bd1b.mp4,Coronavirus|Donald Trump|,201,12375.22,2020-05-25
house,Republican,TX,Candidate,Swann for TX CD-17,Swann for TX CD-17,Punish China,https://s3.amazonaws.com/pdfweb/videos/98034368-79c5-4895-8060-544122a4dfc4.mp4,Coronavirus|Donald Trump|Jobs,197,20196.14,2020-06-04
house,Republican,KS,Candidate,Adkins for KS CD-03,Adkins for KS CD-03,Proud Conservative,https://s3.amazonaws.com/pdfweb/videos/3a3554f2-fee7-4c1b-a1eb-fe6a3efc481f.mp4,Coronavirus|Economy|Immigration,196,38582.21,2020-06-30
house,Republican,OK,Candidate,Cole for OK CD-04,Cole for OK CD-04,Fights For Us,https://s3.amazonaws.com/pdfweb/videos/d075712d-c0a7-4d62-bd98-0284d429ee60.mp4,Coronavirus|Jobs|Military,195,27927.7,2020-06-15
house,Republican,SC,Candidate,Landing for SC CD-01,Cunningham for SC CD-01,Trusted Conservative,https://s3.amazonaws.com/pdfweb/videos/d60c77a2-2b33-44c7-bb58-e47b85f60adf.mp4,Coronavirus|Donald Trump|Nancy Pelosi,188,22992.48,2020-05-26
house,Democrat,NY,Candidate,Bowman for NY CD-16,Engel for NY CD-16,Cares About Our Community,https://s3.amazonaws.com/pdfweb/videos/b6ae86af-b791-4e75-8d94-7efabfa4966e.mp4,Character|Coronavirus|,187,36814,2020-06-12
house,Republican,GA,Issue Group,Club for Growth Action,McCormick for GA CD-07,"For Trump, For Congress",https://s3.amazonaws.com/pdfweb/videos/a8beab77-0736-47cf-8505-3147e0bef67f.mp4,Coronavirus|Healthcare|Taxation,179,275712.75,2020-06-02
house,Republican,TN,Candidate,Clark for TN CD-01,Clark for TN CD-01,Make America Stronger,https://s3.amazonaws.com/pdfweb/videos/9a33f697-9bd8-45d6-897c-6af166c494ba.mp4,Coronavirus|Donald Trump|Jobs,169,26344.95,2020-06-10
house,Republican,TX,Candidate,Wall for TX CD-22,Wall for TX CD-22,Fight Back,https://s3.amazonaws.com/pdfweb/videos/ff84ecd7-8ef2-466d-a724-12d9abfdfe9d.mp4,Coronavirus|Donald Trump|,167,109670.09,2020-06-13
house,Republican,IN,Candidate,Brizzi for IN CD-05,Brizzi for IN CD-05,Invisible War,https://s3.amazonaws.com/pdfweb/videos/65fde83d-3a61-4ac7-a473-6d3c57ed17f0.mp4,Coronavirus|Crime|Donald Trump,166,14998.76,2020-05-11
house,Democrat,NY,Candidate,Caruso-Cabrera for NY CD-14,Caruso-Cabrera for NY CD-14,Deliver Results,https://s3.amazonaws.com/pdfweb/videos/ad275042-b0ae-47a3-adc3-2a1c6ff6ae0c.mp4,Coronavirus|General Positive|,161,56631,2020-06-01
house,Republican,PA,Candidate,Bognet for PA CD-08,Bognet for PA CD-08,Make China Pay,https://s3.amazonaws.com/pdfweb/videos/f071b998-7cdb-4b27-a3c5-d9fbfc457a97.mp4,Coronavirus|Donald Trump|,139,22251.15,2020-05-01
house,Republican,KS,Candidate,Mann for KS CD-01,Clifford for KS CD-01,Tax And Spend Liberal,https://s3.amazonaws.com/pdfweb/videos/6bbfbdff-f647-43c2-8ad1-705903d9fd86.mp4,Coronavirus|Jobs|Taxation,116,8794.61,2020-07-18
house,Republican,NY,Issue Group,American Action Network,Katko for NY CD-24,Innovation,https://s3.amazonaws.com/pdfweb/videos/85764bbe-84b5-4f33-a5f8-8ff1039e681a.mp4,Bipartisanship|Coronavirus|Healthcare,114,20803.74,2020-07-16
house,Republican,NC,Candidate,Bennett for NC CD-11,Bennett for NC CD-11,Experienced Leader,https://s3.amazonaws.com/pdfweb/videos/4c2226ae-1d81-4f3c-b5c5-938cc3f90b15.mp4,Coronavirus|Donald Trump|,110,36203.57,2020-05-08
house,Democrat,NY,Candidate,Engel for NY CD-16,Engel for NY CD-16,Deliver Results,https://s3.amazonaws.com/pdfweb/videos/17b40b9e-e27e-4ef5-88fc-49a65a0db63f.mp4,Coronavirus|Donald Trump|Healthcare,104,48585.49,2020-06-16
house,Democrat,NY,Candidate,Goroff for NY CD-01,Goroff for NY CD-01,These Halls,https://s3.amazonaws.com/pdfweb/videos/a8e5e3bd-09c4-40dd-aa14-97846998fade.mp4,Coronavirus|Economy|,97,145699.71,2020-05-22
house,Republican,KS,Candidate,Taylor for KS CD-02,Taylor for KS CD-02,Virus Tracing Program,https://s3.amazonaws.com/pdfweb/videos/619329d6-4078-4c87-99ad-bdaf9a21dd77.mp4,Coronavirus|Economy|Jobs,84,5749.62,2020-07-08
house,Republican,PA,Candidate,Marsicano for PA CD-08,Marsicano for PA CD-08,Defeat The Virus,https://s3.amazonaws.com/pdfweb/videos/c2afdef8-51e9-417d-95cd-87d5daa2bd6a.mp4,Coronavirus|Donald Trump|,81,7569.71,2020-05-18
house,Republican,PA,Candidate,Bognet for PA CD-08,Bognet for PA CD-08,Make China Pay,https://s3.amazonaws.com/pdfweb/videos/78a4fbce-1c2b-48eb-a63e-b0e7dc61bffd.mp4,Coronavirus|Donald Trump|Immigration,74,4184.1900000000005,2020-05-13
house,Democrat,CA,Candidate,Smith for CA CD-25,Garcia for CA CD-25,AquÃ­ Para Todos,https://s3.amazonaws.com/pdfweb/videos/364e9c3f-df78-4709-ae08-4ccfe2741966.mp4,Coronavirus|Donald Trump|,73,41133.840000000004,2020-05-07
house,Democrat,NY,Candidate,Goroff for NY CD-01,Goroff for NY CD-01,Extend Benefits,https://s3.amazonaws.com/pdfweb/videos/b504804c-6ab4-4ac1-9d45-0ab792367f43.mp4,Coronavirus|Healthcare|,70,91721.45,2020-06-10
house,Democrat,MA,Candidate,Neal for MA CD-01,Neal for MA CD-01,He Cares,https://s3.amazonaws.com/pdfweb/videos/7db3040e-d9c7-429d-9368-2ef91aaea23f.mp4,Coronavirus||,67,9628.14,2020-07-16
house,Republican,FL,Candidate,Figlesthaler for FL CD-19,Figlesthaler for FL CD-19,Proven Business Leader,https://s3.amazonaws.com/pdfweb/videos/82f57f31-3035-4ecf-b83c-f098460fed72.mp4,Coronavirus|Donald Trump|Economy,57,10210.87,2020-04-15
house,Republican,NY,Candidate,Garbarino for NY CD-02,Garbarino for NY CD-02,Fight For Long Island,https://s3.amazonaws.com/pdfweb/videos/36ca1e1a-1098-42cb-88e7-4133ccc0f960.mp4,Coronavirus|Crime|Term Limits,56,27077,2020-06-04
house,Democrat,NY,Issue Group,Justice Democrats,Engel for NY CD-16,Actually Cares About Us,https://s3.amazonaws.com/pdfweb/videos/c9d3b9a9-e60d-4a0b-87d7-86cd7a6a0286.mp4,Coronavirus||,55,0,2020-06-13
house,Republican,NE,Issue Group,American Action Network,Bacon for NE CD-02,We Must Innovate,https://s3.amazonaws.com/pdfweb/videos/dee4a6cf-d798-4a48-a153-7f71c44b8096.mp4,Bipartisanship|Coronavirus|Healthcare,52,17492.66,2020-07-21
house,Republican,FL,Candidate,Figlesthaler for FL CD-19,Figlesthaler for FL CD-19,Nation in Fear,https://s3.amazonaws.com/pdfweb/videos/09afa38a-b528-45f1-a6de-f457ac7b8247.mp4,Coronavirus|Donald Trump|Healthcare,48,6030.79,2020-04-01
house,Democrat,NY,Candidate,Goroff for NY CD-01,Goroff for NY CD-01,Front Lines,https://s3.amazonaws.com/pdfweb/videos/cbccec35-0421-4534-b841-97cf464f98f2.mp4,Coronavirus|Healthcare|,46,61636.07,2020-05-19
house,Democrat,WA,Candidate,Kilmer for WA CD-06,Kilmer for WA CD-06,Universal Healthcare,https://s3.amazonaws.com/pdfweb/videos/edd7b70b-4d24-48d7-aa79-a12142dbeab3.mp4,Coronavirus|Healthcare|,37,10650.57,2020-07-21
house,Democrat,NY,Issue Group,Healthcare Education Project,Reed for NY CD-23,Defend Our Healthcare Rep. Reed,https://s3.amazonaws.com/pdfweb/videos/dc319f82-c747-4966-a90b-3a61b6a95e06.mp4,Coronavirus|Healthcare|,36,6625.76,2020-03-16
house,Democrat,OR,Candidate,Reynolds for OR CD-05,Reynolds for OR CD-05,Strong Voice,https://s3.amazonaws.com/pdfweb/videos/a9281832-924a-445f-9044-19a3be56e7fa.mp4,Coronavirus||,34,4064.1,2020-05-11
house,Democrat,NY,Issue Group,Justice Democrats,Engel for NY CD-16,We Deserve Better,https://s3.amazonaws.com/pdfweb/videos/9554830e-64e8-44e6-b8a0-23bb861f20da.mp4,Character|Coronavirus|,22,0,2020-06-13
house,Democrat,MA,Candidate,Neal for MA CD-01,Neal for MA CD-01,Fighting For Small Businesses,https://s3.amazonaws.com/pdfweb/videos/5a343569-a32c-4cec-86a0-7ebb4d603109.mp4,Coronavirus|Jobs|,21,3502.04,2020-06-26
house,Republican,FL,Candidate,Figlesthaler for FL CD-19,Figlesthaler for FL CD-19,America First,https://s3.amazonaws.com/pdfweb/videos/e2c289b4-26b7-4ade-ae10-a8865ba76ae4.mp4,Coronavirus|General Positive|,21,25539.14,2020-05-06
house,Democrat,NY,Issue Group,House Majority Forward,Katko for NY CD-24,Standing In The Way,https://s3.amazonaws.com/pdfweb/videos/d8c9e7a6-543a-42bb-92a0-f726dfe3d34b.mp4,Coronavirus|Economy|Infrastructure,19,3115.66,2020-07-21
house,Democrat,TX,Issue Group,314 Action,Siegel for TX CD-10,Leadership,https://s3.amazonaws.com/pdfweb/videos/2345f181-6f8d-453f-a569-712220b14ac0.mp4,Coronavirus|Healthcare|,18,0,2020-07-02
house,Republican,PA,Candidate,Browning for PA CD-07,Scheller for PA CD-07,True Trump Republican,https://s3.amazonaws.com/pdfweb/videos/4f1519e3-1d62-43bf-b431-93eac16b8edc.mp4,Coronavirus|Donald Trump|,18,6104.2300000000005,2020-05-27
house,Democrat,MA,Candidate,Neal for MA CD-01,Neal for MA CD-01,Nick's West,https://s3.amazonaws.com/pdfweb/videos/b2abde01-b16b-42a6-bd93-1bbb7cab42e7.mp4,Coronavirus||,17,2771.8,2020-06-13
house,Republican,MI,Candidate,Walberg for MI CD-07,Walberg for MI CD-07,Gratitude,https://s3.amazonaws.com/pdfweb/videos/194b56fd-a69f-47ae-b2c8-cd438b69bcc3.mp4,Coronavirus||,17,3885.69,2020-04-22
house,Democrat,NY,Candidate,Gershon for NY CD-01,Zeldin for NY CD-01,Clean Up Their Mess,https://s3.amazonaws.com/pdfweb/videos/4b1474ae-3da5-4c5e-9672-e6cde378e274.mp4,Coronavirus|Donald Trump|Healthcare,16,20530.399999999998,2020-06-06
house,Democrat,NY,Candidate,Fink for NY CD-16,Bowman for NY CD-16,With A Covid Responce Plan,https://s3.amazonaws.com/pdfweb/videos/c8edc497-2bce-4a16-aef6-f50f41f88773.mp4,Alexandria Ocasio-Cortez|Character|Coronavirus,14,2712,2020-06-13
house,Democrat,NY,Candidate,Caruso-Cabrera for NY CD-14,Ocasio-Cortez for NY CD-14,Desempleados,https://s3.amazonaws.com/pdfweb/videos/deec23d6-c593-4e86-8a1e-8119454d4004.mp4,Coronavirus|Healthcare|Jobs,4,1507.47,2020-06-22
house,Republican,AZ,Candidate,Ward for AZ CD-04,Ward for AZ CD-04,We Need Someone New,https://s3.amazonaws.com/pdfweb/videos/8643a60c-0ad4-458d-b3e9-6f81817fa94b.mp4,Career Politicians|Coronavirus|,4,1177.25,2020-06-14
house,Democrat,MA,Candidate,Neal for MA CD-01,Neal for MA CD-01,Questions And Concerns,https://s3.amazonaws.com/pdfweb/videos/242c7f24-c453-4de4-8ac8-5a6b79e90c52.mp4,Coronavirus||,3,774.02,2020-07-21
house,Republican,GA,Issue Group,Georgia First PAC,Laughridge for GA CD-14,Made In China,https://s3.amazonaws.com/pdfweb/videos/aed1d0ca-bc66-4861-8692-a958c5904653.mp4,Coronavirus|Jobs|,2,110,2020-06-06
prez,Republican,US,Candidate,Trump for President,Trump for President,Changing Washington,https://s3.amazonaws.com/pdfweb/videos/e3aa4f9a-575d-46d6-9516-8e76805b0a33.mp4,Coronavirus||,9071,1973596.36,2020-05-27
prez,Democrat,US,Candidate,Biden for President,Biden for President,My Commitment,https://s3.amazonaws.com/pdfweb/videos/807ba1dc-a0ca-4796-810c-484f9b6ee34a.mp4,Coronavirus||,7570,4430008.8,2020-06-24
prez,Republican,US,Candidate,Trump for President,Trump for President,Great American Comeback,https://s3.amazonaws.com/pdfweb/videos/5361ca65-4e84-4c78-9a70-fa1c842b8ab6.mp4,Coronavirus|Economy|Jobs,7270,2610451.7,2020-06-06
prez,Democrat,US,Issue Group,Priorities USA Action,Trump for President,Focused On Himself,https://s3.amazonaws.com/pdfweb/videos/d78046dd-e86a-47ff-bd8c-a4fd2ea7c762.mp4,Coronavirus||,5998,2560798.77,2020-07-01
prez,Democrat,US,Issue Group,Priorities USA Action,Trump for President,Lack Of Leadership,https://s3.amazonaws.com/pdfweb/videos/3326a204-82cf-45ef-a545-b8e860fd9a38.mp4,Coronavirus|Economy|,4098,1654593.88,2020-06-09
prez,Democrat,WI,Issue Group,Priorities USA Action,Trump for President,Downplay The Crisis,https://s3.amazonaws.com/pdfweb/videos/19d7a75a-7cb2-4b96-805e-5c1879d46180.mp4,Coronavirus|Donald Trump|,3968,1724942.43,2020-05-19
prez,Democrat,PA,Issue Group,Priorities USA Action,Trump for President,Failing America,https://s3.amazonaws.com/pdfweb/videos/a2b494b1-e309-439b-ac4c-912e4103dce3.mp4,Coronavirus|Jobs|,3589,1516564.85,2020-05-07
prez,Republican,FL,Candidate,Trump for President,Biden for President,Coddles China,https://s3.amazonaws.com/pdfweb/videos/0046497e-bb12-46fa-b9a5-ca81f5ae3517.mp4,Coronavirus|Economy|Jobs,3232,661734.63,2020-05-11
prez,Republican,MI,Candidate,Trump for President,Biden for President,Dead Wrong,https://s3.amazonaws.com/pdfweb/videos/18bd0006-817c-4108-a634-194a92c65a6b.mp4,Coronavirus|Economy|Jobs,3183,669742.22,2020-05-11
prez,Democrat,US,Issue Group,Priorities USA Action,Trump for President,Hoax,https://s3.amazonaws.com/pdfweb/videos/cf52f842-aa0e-4ce0-82df-18e3f6e2237e.mp4,Coronavirus||,2801,1479080.13,2020-03-24
prez,Democrat,US,Issue Group,Priorities USA Action,Trump for President,Failing America,https://s3.amazonaws.com/pdfweb/videos/d650fd80-4705-42ab-9666-2cf14d39a854.mp4,Coronavirus||,2548,1042942.31,2020-06-23
prez,Democrat,MI,Issue Group,American Bridge 21st Century,Trump for President,Trump Trusted China,https://s3.amazonaws.com/pdfweb/videos/1b57bc18-5680-4d54-acc9-4f07ae9fb9ec.mp4,Coronavirus|Healthcare|,2371,877841.45,2020-04-21
prez,Democrat,FL,Issue Group,Priorities USA Action,Trump for President,Not Responsible,https://s3.amazonaws.com/pdfweb/videos/58b72390-0f25-4fed-95cd-0a6acbf7f601.mp4,Coronavirus||,2302,1194446.48,2020-04-01
prez,Republican,PA,Issue Group,America First Action,Biden for President,Bad Folks,https://s3.amazonaws.com/pdfweb/videos/8dcb1d9b-a56e-4ce9-83f4-6d88bfe25438.mp4,Coronavirus|Jobs|,2208,829249.96,2020-04-17
prez,Republican,FL,Candidate,Trump for President,Biden for President,Dangerous For America,https://s3.amazonaws.com/pdfweb/videos/7be9e2fc-5288-4479-9956-eab3ae1ffdb6.mp4,Coronavirus||,2150,850904.36,2020-05-11
prez,Democrat,WI,Issue Group,Priorities USA Action,Trump for President,War Without Equipment,https://s3.amazonaws.com/pdfweb/videos/ba521d21-9a13-4add-9c48-be034ee9fa24.mp4,Coronavirus|Healthcare|,2058,792975.85,2020-04-14
prez,Democrat,US,Issue Group,American Bridge 21st Century,Trump for President,We Deserve Better,https://s3.amazonaws.com/pdfweb/videos/bb595182-ae21-4eb6-9b36-679dd0662a20.mp4,Coronavirus||,1918,754622.15,2020-06-09
prez,Democrat,US,Issue Group,Priorities USA Action,Trump for President,First,https://s3.amazonaws.com/pdfweb/videos/780773f8-ac01-4ef4-9f89-c5298e964f7d.mp4,Coronavirus||,1545,588092.45,2020-04-28
prez,Democrat,US,Issue Group,American Bridge 21st Century,Trump for President,Playing Catch Up,https://s3.amazonaws.com/pdfweb/videos/16c22639-b0aa-453a-b74a-64305d4abc69.mp4,Coronavirus||,1517,511131.95,2020-07-07
prez,Democrat,US,Issue Group,American Bridge 21st Century,Trump for President,Take Responsibility,https://s3.amazonaws.com/pdfweb/videos/99cf10c4-bb51-45d3-aefd-e4504c2e3368.mp4,Coronavirus|Taxation|,1472,990551.06,2020-07-07
prez,Democrat,US,Issue Group,Protect Our Care,Trump for President,Protect Seniors,https://s3.amazonaws.com/pdfweb/videos/97c40ef9-f170-4b49-b12f-31cdac8c3ba4.mp4,Coronavirus||,1438,518169.91,2020-07-10
prez,Republican,IN,Candidate,Trump for President,Biden for President,He Does It His Way,https://s3.amazonaws.com/pdfweb/videos/a7d585f5-a76c-41c5-b990-2e34a8af4638.mp4,Coronavirus||,1415,280479.94,2020-05-05
prez,Democrat,US,Issue Group,Protect Our Care,Trump for President,Listen To The Experts,https://s3.amazonaws.com/pdfweb/videos/97083f08-dfe2-4871-ba38-377e0de04e1d.mp4,Coronavirus||,1402,522903.26,2020-07-10
prez,Republican,PA,Issue Group,America First Action,Biden for President,Travel Ban,https://s3.amazonaws.com/pdfweb/videos/3dbee3ff-6167-4171-9f4a-758636c10d3e.mp4,Coronavirus|Jobs|Trade,1352,535111.15,2020-05-02
prez,Democrat,US,Issue Group,Priorities USA Action,Trump for President,Failing America,https://s3.amazonaws.com/pdfweb/videos/755244c7-3efb-4a61-a1b0-8c78ca17f4da.mp4,Coronavirus||,1224,503202.98,2020-06-02
prez,Republican,PA,Issue Group,America First Action,Biden for President,Forty Years,https://s3.amazonaws.com/pdfweb/videos/d4238794-fad7-420e-bee1-f882fecb9bef.mp4,Coronavirus||,1113,320196.77,2020-04-17
prez,Republican,WI,Issue Group,America First Action,Biden for President,Biden Origin,https://s3.amazonaws.com/pdfweb/videos/64b2ba2d-c19b-458b-9b34-482f591fd3fc.mp4,Coronavirus|Jobs|,1106,364425.39,2020-04-17
prez,Democrat,US,Issue Group,American Bridge 21st Century,Trump for President,Disappointed,https://s3.amazonaws.com/pdfweb/videos/fb25a84a-b8da-4360-8b4a-19c490e44b75.mp4,Coronavirus||,968,767114.36,2020-06-09
prez,Democrat,US,Issue Group,Unite the Country,Trump for President,Crisis Comes,https://s3.amazonaws.com/pdfweb/videos/bb510885-2642-4754-9b92-d8d86c7cc86f.mp4,Coronavirus||,842,375773.2,2020-03-25
prez,Republican,WI,Issue Group,America First Action,Biden for President,Stop China,https://s3.amazonaws.com/pdfweb/videos/360a0b8e-1bf4-41f2-8420-655208c0b768.mp4,Coronavirus|Donald Trump|,751,236020.32,2020-05-01
prez,Democrat,US,Issue Group,Priorities USA Action,Trump for President,Wrong Leader,https://s3.amazonaws.com/pdfweb/videos/28db3d09-7f67-4ea0-8509-4c7be853a4fc.mp4,Coronavirus||,634,387802.14,2020-07-16
prez,Republican,US,Issue Group,Republicans for the Rule of Law,Trump for President,Unfit. Unwell. Unacceptable.,https://s3.amazonaws.com/pdfweb/videos/1062e2d0-4db7-4e19-82aa-82232a06aa5f.mp4,Coronavirus|General Negative|,631,550409.62,2020-05-05
prez,Democrat,US,Issue Group,Priorities USA Action,Trump for President,Better Prepared,https://s3.amazonaws.com/pdfweb/videos/d582bfb0-c018-489c-8583-42f349ba6112.mp4,Coronavirus||,609,442309.25,2020-04-02
prez,Democrat,US,Issue Group,American Bridge 21st Century,Trump for President,Interested In Himself,https://s3.amazonaws.com/pdfweb/videos/9f0aeae0-f3ce-41c4-affa-0640508648b3.mp4,Coronavirus||,592,484312.4,2020-07-07
prez,Democrat,US,Issue Group,Unite the Country,Biden for President,Respond Better,https://s3.amazonaws.com/pdfweb/videos/39306e44-1e12-46f3-bc6f-e803dff1e655.mp4,Coronavirus|Healthcare|,543,241603.4,2020-04-09
prez,Democrat,US,Candidate,Biden for President,Trump for President,Cuentas Claras,https://s3.amazonaws.com/pdfweb/videos/51a9e7d1-0f37-44f6-94b6-c36889575163.mp4,Coronavirus|Donald Trump|Jobs,477,153549.12,2020-06-19
prez,Democrat,US,Candidate,Biden for President,Biden for President,As One Country,https://s3.amazonaws.com/pdfweb/videos/3d42f748-7292-43ba-b10f-2ffd7fbbbe0e.mp4,Coronavirus||,384,193329.1,2020-07-20
prez,Democrat,US,Candidate,Biden for President,Biden for President,Working Together,https://s3.amazonaws.com/pdfweb/videos/ee0722df-7032-4395-8a2b-1459d5fa7f96.mp4,Coronavirus|Economy|Jobs,306,146261.72,2020-07-20
prez,Democrat,WI,Issue Group,Be A Hero PAC,Be A Hero PAC,Protect Nurses,https://s3.amazonaws.com/pdfweb/videos/4d97f4d2-8a62-4661-985f-22e03d4e9f9d.mp4,Coronavirus|Donald Trump|Healthcare,297,187273.42,2020-04-03
prez,Republican,MI,Issue Group,Republicans for the Rule of Law,Republicans for the Rule of Law,States Need Resources,https://s3.amazonaws.com/pdfweb/videos/0b5b2d7f-e599-418e-94ad-c63b5c241c3f.mp4,Coronavirus|Military|Voting Rights,270,60907.52,2020-05-04
prez,Republican,US,Issue Group,The Lincoln Project,Trump for President,One Day,https://s3.amazonaws.com/pdfweb/videos/936d2a09-7acf-428f-8182-a0444853754c.mp4,Coronavirus|General Negative|,231,126337.84,2020-07-13
prez,Independent,US,Issue Group,Issue One Action,Issue One Action,Safe And Secure Voting,https://s3.amazonaws.com/pdfweb/videos/1a5b2497-36dc-4c12-a375-1e7f68ede7f3.mp4,Coronavirus|Voting Rights|,218,49430.42,2020-06-22
prez,Democrat,US,Issue Group,Nuestro PAC,Trump for President,Biden para Presidente,https://s3.amazonaws.com/pdfweb/videos/5b143fbe-eb90-4243-8a13-520077c351cd.mp4,Coronavirus|Immigration|,208,77631.83,2020-07-12
prez,Democrat,NY,Issue Group,Healthcare Education Project,Trump for President,Defend Our Healthcare,https://s3.amazonaws.com/pdfweb/videos/f60af01f-ca60-4d3c-aaa9-d294881d311f.mp4,Coronavirus|Healthcare|,145,47469.06,2020-03-16
prez,Democrat,US,Coordinated Buy,DNC/Biden,Trump for President,Disappear,https://s3.amazonaws.com/pdfweb/videos/8cbfad90-ee09-4a41-b67f-f1fc9de536e4.mp4,Coronavirus||,105,44524.01,2020-07-17
prez,Republican,US,Issue Group,The Lincoln Project,Trump for President,Mourning in America,https://s3.amazonaws.com/pdfweb/videos/5f5ccace-6959-4ae7-a562-464ac8460df2.mp4,Coronavirus|Economy|Jobs,97,32659.64,2020-05-05
prez,Republican,US,Issue Group,The Lincoln Project,Trump for President,Mourning In America,https://s3.amazonaws.com/pdfweb/videos/aa6aa066-fa37-448a-a7ef-0bdc5e5de5f0.mp4,Coronavirus|Jobs|,90,54365.38,2020-07-17
prez,Republican,US,Issue Group,Republicans for the Rule of Law,Republicans for the Rule of Law,Safe Voting,https://s3.amazonaws.com/pdfweb/videos/daa0047e-d606-4426-84fb-befabec164b2.mp4,Coronavirus|Voting Rights|,81,20005.35,2020-05-04
prez,Democrat,US,Issue Group,Nuestro PAC,Trump for President,Tolerar,https://s3.amazonaws.com/pdfweb/videos/e9d6112f-bcf1-4a64-b2fc-6b598704a8e4.mp4,Coronavirus|Immigration|Jobs,47,25728.64,2020-07-13
prez,Democrat,US,Issue Group,American Federation of Teachers,Trump for President,Do His Job,https://s3.amazonaws.com/pdfweb/videos/6bec3fa7-49c1-41a1-a54d-031ce846f107.mp4,Coronavirus|Donald Trump|Healthcare,40,0,2020-04-16
prez,Democrat,US,Coordinated Buy,DNC/Biden,Trump for President,White House In Chaos,https://s3.amazonaws.com/pdfweb/videos/7b18aec6-2517-4f0e-9564-1bd512f76820.mp4,Coronavirus|Jobs|Trade,38,0,2020-06-18
prez,Democrat,US,Coordinated Buy,DNC/Biden,Trump for President,Exploding Again,https://s3.amazonaws.com/pdfweb/videos/e330fa8c-ab46-4c00-9312-5f14d58b317b.mp4,Coronavirus|Jobs|Trade,29,12144,2020-07-01
prez,Republican,US,Issue Group,The Lincoln Project,Trump for President,Different Leadership,https://s3.amazonaws.com/pdfweb/videos/b9e59594-b4ed-46dc-b4cf-23d95b386119.mp4,Coronavirus|Donald Trump|General Negative,16,0,2020-06-09
prez,Democrat,US,Coordinated Buy,DNC/Biden,Trump for President,Stop the Descent,https://s3.amazonaws.com/pdfweb/videos/f93cf1ca-d9b7-4fef-894f-5b2be5470daf.mp4,Coronavirus|Economy|Jobs,8,0,2020-06-17
prez,Democrat,US,Candidate,Biden for President,Trump for President,Disappear,https://s3.amazonaws.com/pdfweb/videos/8cbfad90-ee09-4a41-b67f-f1fc9de536e4.mp4,Coronavirus||,6,1122.41,2020-07-17
prez,Republican,US,Issue Group,The Lincoln Project,Trump for President,Told The Truth,https://s3.amazonaws.com/pdfweb/videos/a0f029a3-e2b1-42e8-b8fc-1c010bcf6bdf.mp4,Coronavirus||,5,0,2020-06-27
prez,Democrat,FL,Candidate,Biden for President,Biden for President,Mano Firm,https://s3.amazonaws.com/pdfweb/videos/0d7f6d53-25c1-41a4-8281-a02c50f73a36.mp4,Coronavirus||,3,723.23,2020-03-17
prez,Democrat,US,Candidate,Biden for President,Biden for President,Stay Safe,https://s3.amazonaws.com/pdfweb/videos/4f3a919e-abc9-4ab9-8734-093527c64b11.mp4,Coronavirus||,3,1127.3600000000001,2020-07-20
prez,Democrat,CO,Candidate,Bloomberg for President,Trump for President,He Is Prepared,https://s3.amazonaws.com/pdfweb/videos/20e3adae-99d3-472f-8a3d-fcf28d842c5d.mp4,Coronavirus|Healthcare|,1,251.23,2020-05-03
prez,Democrat,US,Candidate,Biden for President,Biden for President,El Que Sabe Sabe,https://s3.amazonaws.com/pdfweb/videos/77a15751-e0eb-4936-a691-beb9a5593782.mp4,Coronavirus|Healthcare|,1,83.41,2020-07-21
prez,Democrat,US,Issue Group,Defending Democracy Together,Trump for President,Stop Trump's Carnage,https://s3.amazonaws.com/pdfweb/videos/bd3f1020-2391-4cb4-b068-843bdc114eb4.mp4,Coronavirus|Crime|General Negative,1,0,2020-06-05
senate,Democrat,TX,Candidate,Hegar for TX Senate,Hegar for TX Senate,We're Texas,https://s3.amazonaws.com/pdfweb/videos/0a8f25f6-acb0-4433-9940-e0b6237347e7.mp4,Coronavirus|Healthcare|Immigration,5366,1131494.79,2020-06-30
senate,Democrat,TX,Coordinated Buy,DSCC/Hegar,DSCC/Hegar,Not Any Longer,https://s3.amazonaws.com/pdfweb/videos/7d6fe9ca-f413-43cb-9ba5-2d2bb0c62828.mp4,Coronavirus|Healthcare|Immigration,4927,1029270.69,2020-07-02
senate,Democrat,GA,Issue Group,Majority Forward,Perdue for GA Senate,Families Need Help,https://s3.amazonaws.com/pdfweb/videos/23d07101-59ab-4b4a-89fc-ea4b1e89a8d2.mp4,Coronavirus|Healthcare|Special Interests,4104,4374514.54,2020-07-10
senate,Republican,MT,Issue Group,One Nation,Daines for MT Senate,Hold China Accountable,https://s3.amazonaws.com/pdfweb/videos/4d038a9c-678e-42d2-b551-1c48a2795b42.mp4,Coronavirus|Donald Trump|Jobs,3908,229106.81,2020-07-07
senate,Democrat,KY,Candidate,McGrath for KY Senate,McConnell for KY Senate,What Is Leadership?,https://s3.amazonaws.com/pdfweb/videos/259f5782-9298-48c5-8d86-f0329448d2d8.mp4,Coronavirus||,2822,735201.98,2020-05-16
senate,Republican,MT,Candidate,Daines for MT Senate,Daines for MT Senate,Made In America,https://s3.amazonaws.com/pdfweb/videos/454e2989-330c-4ca6-9498-e976c16477ec.mp4,Coronavirus|Jobs|Taxation,2746,265057.24,2020-06-18
senate,Republican,MT,Candidate,Daines for MT Senate,Daines for MT Senate,Puts Montana Workers First,https://s3.amazonaws.com/pdfweb/videos/e77e8f6f-961c-4d24-8f98-8b7ee08366a7.mp4,Coronavirus|Economy|Jobs,2695,268291.82,2020-07-08
senate,Democrat,MT,Issue Group,Majority Forward,Daines for MT Senate,Crushing Impact,https://s3.amazonaws.com/pdfweb/videos/e6e8d5da-3205-4214-a3f9-83de7eed9e2e.mp4,Coronavirus|Wall Street|,2593,448574.04,2020-06-23
senate,Democrat,KY,Candidate,McGrath for KY Senate,McConnell for KY Senate,Powerful,https://s3.amazonaws.com/pdfweb/videos/385a34dd-f890-4fef-986f-ad8d677df467.mp4,Coronavirus||,2526,414038.25,2020-04-04
senate,Democrat,GA,Candidate,Ossoff for GA Senate,Ossoff for GA Senate,Our Heroes,https://s3.amazonaws.com/pdfweb/videos/6e4d67e4-4b57-450a-9fa1-accf11fc7508.mp4,Coronavirus|Healthcare|,2339,387266.65,2020-04-21
senate,Democrat,AL,Candidate,Jones for AL Senate,Jones for AL Senate,Protect Coverage,https://s3.amazonaws.com/pdfweb/videos/b0894708-16e6-4433-b47c-783b5787fa50.mp4,Coronavirus|Healthcare|,2313,212323.87,2020-07-07
senate,Democrat,MA,Candidate,Kennedy for MA Senate,Kennedy for MA Senate,We Need Relief,https://s3.amazonaws.com/pdfweb/videos/da41ba63-6e8c-449b-a82d-0a556d69feec.mp4,Coronavirus|Donald Trump|Healthcare,2255,597723.29,2020-05-07
senate,Democrat,MT,Issue Group,Majority Forward,Daines for MT Senate,No Relief,https://s3.amazonaws.com/pdfweb/videos/4ab13514-6625-47d8-b78d-da2bce328cb2.mp4,Coronavirus|Economy|Wall Street,2235,313214.09,2020-06-03
senate,Democrat,AL,Candidate,Jones for AL Senate,Jones for AL Senate,Protecting Each Other,https://s3.amazonaws.com/pdfweb/videos/10014cde-6f7d-4ba0-b3ba-3e50c17bbe84.mp4,Coronavirus||,2208,206276.32,2020-07-01
senate,Democrat,KY,Candidate,Booker for KY Senate,McConnell for KY Senate,A Real Democrat,https://s3.amazonaws.com/pdfweb/videos/91f47103-b69f-47c8-8ba6-301d5cb591d4.mp4,Coronavirus|Donald Trump|Wages,2151,267933.6,2020-06-09
senate,Democrat,SC,Candidate,Harrison for SC Senate,Graham for SC Senate,Playing Washington Games,https://s3.amazonaws.com/pdfweb/videos/7dc74831-493e-408c-8599-05728418b148.mp4,Coronavirus|Jobs|,2134,326419.03,2020-06-30
senate,Democrat,IA,Issue Group,Majority Forward,Ernst for IA Senate,Denied Paid Sick Leave,https://s3.amazonaws.com/pdfweb/videos/44477254-9394-449f-89de-3c0567dcdba5.mp4,Coronavirus|Special Interests|,2129,713152.01,2020-07-07
senate,Democrat,AZ,Candidate,Kelly for AZ Senate,Kelly for AZ Senate,What Arizona Needs,https://s3.amazonaws.com/pdfweb/videos/abaca4ae-fd99-4f93-8c9d-38459e14de49.mp4,Bipartisanship|Coronavirus|Healthcare,2065,380454.83,2020-06-16
senate,Republican,MT,Candidate,Daines for MT Senate,Daines for MT Senate,Holding China Accountable,https://s3.amazonaws.com/pdfweb/videos/cae96db8-fba7-442d-afe0-551438e0837b.mp4,Coronavirus|Immigration|Jobs,1921,155075.86,2020-05-09
senate,Republican,MT,Candidate,Daines for MT Senate,Daines for MT Senate,Protect Montana Jobs,https://s3.amazonaws.com/pdfweb/videos/69b0eb99-64f3-445a-a6af-469940c9a8ad.mp4,Coronavirus|Immigration|Nancy Pelosi,1895,155843.93,2020-05-21
senate,Democrat,SC,Candidate,Harrison for SC Senate,Harrison for SC Senate,Real Meaningful Change,https://s3.amazonaws.com/pdfweb/videos/a4d6de92-05b7-4bb5-af35-29a24ca63f07.mp4,Coronavirus||,1835,539820.48,2020-06-06
senate,Republican,KY,Candidate,McConnell for KY Senate,McConnell for KY Senate,Urgent Help,https://s3.amazonaws.com/pdfweb/videos/53dcafb3-486c-4fb9-8a8c-82abace3745a.mp4,Bipartisanship|Coronavirus|Economy,1786,336149.25,2020-04-01
senate,Republican,TN,Candidate,Hagerty for TN Senate,Hagerty for TN Senate,Made in USA,https://s3.amazonaws.com/pdfweb/videos/c062fe7c-a3a9-4a4a-883b-90f938afff17.mp4,Coronavirus|Donald Trump|Economy,1739,216896.47,2020-06-23
senate,Republican,MT,Candidate,Daines for MT Senate,Daines for MT Senate,Leadership We Can Trust,https://s3.amazonaws.com/pdfweb/videos/85804643-da4e-41a9-b405-242e7c081f3a.mp4,Coronavirus|Jobs|,1736,121052.41,2020-04-20
senate,Republican,MT,Candidate,Daines for MT Senate,Daines for MT Senate,Defeat The Virus,https://s3.amazonaws.com/pdfweb/videos/d3761d11-c37a-492e-ba84-f3aaa57c2998.mp4,Coronavirus|Economy|Healthcare,1734,110300.1,2020-04-17
senate,Democrat,NC,Issue Group,Majority Forward,Tillis for NC Senate,Stop Cutting Healthcare,https://s3.amazonaws.com/pdfweb/videos/6e88dbd3-e32b-4e99-ba1a-05104273766c.mp4,Coronavirus|Healthcare|,1625,946455.55,2020-07-13
senate,Democrat,MT,Issue Group,Montana Federation of Public Employees,Bullock for MT Senate,Pull Together,https://s3.amazonaws.com/pdfweb/videos/a5430c25-2daf-408c-b7a2-66c8b7eb0b1f.mp4,Coronavirus|Education|Healthcare,1611,292721,2020-06-24
senate,Republican,MT,Candidate,Daines for MT Senate,Daines for MT Senate,Eliminate Regulations,https://s3.amazonaws.com/pdfweb/videos/c7123029-c6d6-4aa0-b88f-861e205e2be8.mp4,Coronavirus|Economy|Jobs,1545,136640.11,2020-06-05
senate,Democrat,AZ,Candidate,Kelly for AZ Senate,Kelly for AZ Senate,Keep It That Way,https://s3.amazonaws.com/pdfweb/videos/f870fdca-5282-4253-b495-9c338a76c5e9.mp4,Coronavirus|Economy|Jobs,1495,342960.96,2020-07-08
senate,Democrat,MI,Coordinated Buy,DSCC/Peters,Peters for MI Senate,Be Honest About China,https://s3.amazonaws.com/pdfweb/videos/a4844d1d-34f2-49e9-a497-bef1301df060.mp4,Coronavirus|Healthcare|,1460,360060.38,2020-05-13
senate,Democrat,MT,Issue Group,Senate Majority PAC,Daines for MT Senate,Isn't Working For You,https://s3.amazonaws.com/pdfweb/videos/b058df76-1b74-48b9-aca2-5644b992e180.mp4,Coronavirus|Healthcare|Jobs,1351,183326.63999999998,2020-05-02
senate,Democrat,KY,Candidate,McGrath for KY Senate,McGrath for KY Senate,Look Out For Each Other,https://s3.amazonaws.com/pdfweb/videos/a3e37d3a-88eb-4813-8ece-5831f0f77757.mp4,Coronavirus||,1337,221649.12,2020-03-24
senate,Democrat,NC,Candidate,Cunningham for NC Senate,Cunningham for NC Senate,Working Together,https://s3.amazonaws.com/pdfweb/videos/3e3e81d2-62c1-40c2-8b23-e41a2c73a10c.mp4,Bipartisanship|Coronavirus|,1336,397824.93,2020-07-07
senate,Republican,MT,Candidate,Daines for MT Senate,Daines for MT Senate,Three Major Proposals,https://s3.amazonaws.com/pdfweb/videos/b9442a76-4de7-4e29-a083-7ab35d2f4e0a.mp4,Coronavirus|Economy|,1319,88354.36,2020-04-02
senate,Republican,MT,Issue Group,One Nation,Daines for MT Senate,Our Best Interest,https://s3.amazonaws.com/pdfweb/videos/d894eb8f-83ac-4f16-9a54-8eb8268654c0.mp4,Coronavirus|Economy|Jobs,1286,235739.19,2020-06-23
senate,Democrat,MT,Issue Group,Majority Forward,Daines for MT Senate,Profiting From Coronavirus,https://s3.amazonaws.com/pdfweb/videos/a74ea82e-55cb-4715-8d2e-24fde004105a.mp4,Coronavirus|Healthcare|Special Interests,1225,206465.38,2020-07-13
senate,Democrat,MI,Coordinated Buy,DSCC/Peters,Peters for MI Senate,Back To Work,https://s3.amazonaws.com/pdfweb/videos/a5d1c60e-a5f2-4311-82aa-6e3c9aabfb95.mp4,Coronavirus|Healthcare|,1219,328972.83,2020-05-13
senate,Republican,IA,Issue Group,NRSC,Greenfield for IA Senate,Kicked To The Curb,https://s3.amazonaws.com/pdfweb/videos/645ea44f-f951-44f8-ab36-1411b9364655.mp4,Coronavirus|Jobs|,1193,434623.25,2020-06-16
senate,Republican,AZ,Candidate,McSally for AZ Senate,McSally for AZ Senate,Dianna,https://s3.amazonaws.com/pdfweb/videos/adcade0e-47a0-41cc-95b5-9895fe1e60b4.mp4,Coronavirus|Healthcare|Jobs,1148,239913.2,2020-06-30
senate,Democrat,IA,Issue Group,Women Vote!,Ernst for IA Senate,Special-Interest Senator,https://s3.amazonaws.com/pdfweb/videos/94ac7cdc-69ec-40c3-91e3-8296a20dd8c8.mp4,Coronavirus|Healthcare|Special Interests,1146,359429.41,2020-06-09
senate,Democrat,KY,Candidate,McGrath for KY Senate,McConnell for KY Senate,Masks,https://s3.amazonaws.com/pdfweb/videos/f0cc487e-c111-4901-8de2-6630bccb767d.mp4,Coronavirus||,1084,137511.66,2020-06-01
senate,Democrat,MI,Issue Group,Senate Majority PAC,James for MI Senate,People Are Suffering,https://s3.amazonaws.com/pdfweb/videos/4eb6435d-064d-4c30-96ea-942a99c752fc.mp4,Coronavirus|Healthcare|Obamacare,1073,754526.77,2020-06-02
senate,Republican,AZ,Candidate,McSally for AZ Senate,Kelly for AZ Senate,American Workers First,https://s3.amazonaws.com/pdfweb/videos/ebb6e365-7946-4d57-b0fd-2ce4b61aaa28.mp4,Coronavirus|Jobs|Joe Biden,1066,194853.3,2020-06-08
senate,Republican,IA,Issue Group,One Nation,Ernst for IA Senate,Paycheck Protection Program,https://s3.amazonaws.com/pdfweb/videos/fc87ba10-4806-4df4-8ac6-d1d8558489d8.mp4,Coronavirus|Economy|Taxation,1049,321861.32,2020-06-23
senate,Democrat,AZ,Candidate,Kelly for AZ Senate,Kelly for AZ Senate,Stop The Fighting,https://s3.amazonaws.com/pdfweb/videos/471e6990-0bb1-418e-8f50-755051194622.mp4,Coronavirus|Healthcare|,1033,183043.29,2020-06-05
senate,Democrat,AZ,Issue Group,Majority Forward,McSally for AZ Senate,Protecting Americans,https://s3.amazonaws.com/pdfweb/videos/1a59fcf3-942b-4122-9c91-57dbc146f159.mp4,Coronavirus|Healthcare|Military,1010,322757.43,2020-06-11
senate,Republican,TN,Candidate,Sethi for TN Senate,Sethi for TN Senate,Leftwing Lockdown,https://s3.amazonaws.com/pdfweb/videos/fd3df01a-66e7-4864-9efd-309f969e4854.mp4,Coronavirus|Crime|,990,150358.85,2020-06-12
senate,Republican,NC,Issue Group,One Nation,Tillis for NC Senate,Fighting Back,https://s3.amazonaws.com/pdfweb/videos/cb4e7c4d-58cf-4f4f-bd3d-a9572407fa72.mp4,Coronavirus|Jobs|,977,632543.46,2020-07-07
senate,Democrat,ME,Issue Group,Majority Forward,Gideon for ME Senate,Sweeping Measures,https://s3.amazonaws.com/pdfweb/videos/dc04a75f-0842-4950-b5e4-286475fc4617.mp4,Bipartisanship|Coronavirus|,961,405496.65,2020-03-25
senate,Republican,KY,Candidate,McConnell for KY Senate,McGrath for KY Senate,Kentucky Got Rescued,https://s3.amazonaws.com/pdfweb/videos/7cbbd5a2-0bba-40f6-851a-c8e2e0fa7601.mp4,Coronavirus|Economy|,954,156498.66,2020-05-08
senate,Republican,IA,Issue Group,One Nation,Ernst for IA Senate,Fighting For Iowa,https://s3.amazonaws.com/pdfweb/videos/8a9d6685-8f28-4a1c-be4b-651933a2319e.mp4,Coronavirus|Jobs|Taxation,929,283052.2,2020-07-07
senate,Democrat,ME,Issue Group,Maine Momentum,Collins for ME Senate,What About Us?,https://s3.amazonaws.com/pdfweb/videos/5dd60a8e-076a-4aa1-8344-60de8deb45cc.mp4,Coronavirus|Jobs|Taxation,926,245431.46,2020-04-21
senate,Independent,NC,Issue Group,NRDC Action Fund,Tillis for NC Senate,Protect Our Health,https://s3.amazonaws.com/pdfweb/videos/1b8de710-19cb-405e-aee3-e77d8a6b025a.mp4,Coronavirus|Environment|,925,335280.25,2020-06-03
senate,Democrat,ME,Issue Group,Majority Forward,Collins for ME Senate,Wrong For Maine,https://s3.amazonaws.com/pdfweb/videos/3772bbda-5957-4fa6-8340-52db76cb4bec.mp4,Coronavirus|Donald Trump|Healthcare,904,362426.41,2020-04-15
senate,Republican,SD,Candidate,Rounds for SD Senate,Rounds for SD Senate,We Stand United,https://s3.amazonaws.com/pdfweb/videos/f968cd26-ae81-4fc4-8499-e2452b9c8fde.mp4,Coronavirus||,901,50234.84,2020-05-21
senate,Republican,CO,Issue Group,One Nation,Gardner for CO Senate,Hold China Accountable,https://s3.amazonaws.com/pdfweb/videos/6b3c07a2-6684-4674-a960-834e4c61b8c0.mp4,Bipartisanship|Coronavirus|Jobs,896,290292.06,2020-07-08
senate,Republican,AZ,Candidate,McSally for AZ Senate,McSally for AZ Senate,China's Cover-Up,https://s3.amazonaws.com/pdfweb/videos/dafe9691-2aca-4b55-963b-2c43988dae51.mp4,Coronavirus||,872,166150.99,2020-05-15
senate,Democrat,AZ,Issue Group,Majority Forward,McSally for AZ Senate,Will Not Support Us,https://s3.amazonaws.com/pdfweb/videos/9e6975be-d17f-4e38-83b0-5f898960c741.mp4,Coronavirus|Healthcare|,870,281727.18,2020-06-02
senate,Republican,IA,Issue Group,NRSC,Greenfield for IA Senate,Death Tax,https://s3.amazonaws.com/pdfweb/videos/fb4376af-94c1-4ae3-850b-2e1f4bb4ee6f.mp4,Coronavirus|Nancy Pelosi|Taxation,869,332095.09,2020-07-08
senate,Democrat,CO,Candidate,Hickenlooper for CO Senate,Hickenlooper for CO Senate,Health Coverage,https://s3.amazonaws.com/pdfweb/videos/85183eb9-5db5-4389-892c-cf95cc6c8992.mp4,Coronavirus|Donald Trump|Healthcare,854,203290.58,2020-07-07
senate,Democrat,AZ,Issue Group,Majority Forward,McSally for AZ Senate,Won't Stand Up For Us,https://s3.amazonaws.com/pdfweb/videos/63d51af6-9784-4ffe-97ed-8c3223f65c9c.mp4,Coronavirus|Healthcare|Special Interests,844,313372.53,2020-04-27
senate,Republican,KY,Candidate,McConnell for KY Senate,McGrath for KY Senate,Leads,https://s3.amazonaws.com/pdfweb/videos/4fad1015-8803-4962-8c12-f12d421782ca.mp4,Bipartisanship|Coronavirus|Healthcare,812,151900.22,2020-04-15
senate,Democrat,SC,Candidate,Harrison for SC Senate,Harrison for SC Senate,Reward Hard Work,https://s3.amazonaws.com/pdfweb/videos/b4530b6a-7f49-4d18-9200-37b7d1a19c4f.mp4,Coronavirus|Economy|,805,264709.36,2020-04-09
senate,Democrat,AZ,Candidate,Kelly for AZ Senate,Kelly for AZ Senate,We Always Come Out Ahead,https://s3.amazonaws.com/pdfweb/videos/23af115a-14da-41e8-8937-bd50508bedbe.mp4,Coronavirus||,794,189459.77,2020-04-27
senate,Democrat,CO,Candidate,Romanoff for CO Senate,Romanoff for CO Senate,System Is Broken,https://s3.amazonaws.com/pdfweb/videos/191af1fe-b10a-4f8c-8208-d1b741427fbd.mp4,Coronavirus|Healthcare|Medicare,766,191095.97,2020-06-03
senate,Republican,SC,Candidate,Graham for SC Senate,Graham for SC Senate,Essential,https://s3.amazonaws.com/pdfweb/videos/d645af7d-b2c0-404a-a337-cd19290ce006.mp4,Coronavirus||,763,123496.54,2020-05-23
senate,Democrat,AZ,Issue Group,LCV Victory Fund,McSally for AZ Senate,Recipe For Disaster,https://s3.amazonaws.com/pdfweb/videos/98682d48-075f-4181-b34b-c0692f8b3097.mp4,Coronavirus|Environment|Healthcare,752,377469.61,2020-07-02
senate,Democrat,AZ,Candidate,Kelly for AZ Senate,Kelly for AZ Senate,Take Care Of Each Other,https://s3.amazonaws.com/pdfweb/videos/4a433c4c-9ee9-4924-89ce-b4829b54a62a.mp4,Coronavirus|Healthcare|,737,163736.48,2020-07-13
senate,Democrat,ME,Candidate,Gideon for ME Senate,Collins for ME Senate,Not For You Anymore,https://s3.amazonaws.com/pdfweb/videos/cb2fa5ea-fbe8-47a4-b85b-a78e55933746.mp4,Coronavirus|Special Interests|,734,147875.8,2020-05-25
senate,Independent,NC,Issue Group,NRDC Action Fund,Tillis for NC Senate,Stop Waffling,https://s3.amazonaws.com/pdfweb/videos/e07c3a62-f659-4b3b-b37c-ed8a8fcf7c8f.mp4,Coronavirus|Environment|,734,258598.92,2020-06-13
senate,Republican,KY,Candidate,McConnell for KY Senate,McConnell for KY Senate,Do The Right Thing,https://s3.amazonaws.com/pdfweb/videos/6f1b4313-45ec-4037-a3f9-a302d1559b59.mp4,Coronavirus|Economy|Taxation,680,258988.6,2020-04-24
senate,Republican,CO,Candidate,Gardner for CO Senate,Gardner for CO Senate,Get Though This Together,https://s3.amazonaws.com/pdfweb/videos/4e992bc7-2cda-435a-835a-b7dd9a57e447.mp4,Coronavirus||,676,176481.47,2020-05-15
senate,Independent,NC,Issue Group,Taxpayers Protection Alliance,Tillis for NC Senate,Caring For The Doctors,https://s3.amazonaws.com/pdfweb/videos/e0fb04d7-d23c-49f7-aa61-f43f92de94eb.mp4,Coronavirus|Healthcare|Special Interests,657,257413.99,2020-04-09
senate,Republican,ME,Candidate,Collins for ME Senate,Collins for ME Senate,Paid And Employed,https://s3.amazonaws.com/pdfweb/videos/7fcf4f98-4cfa-407b-8d86-e2ab03b9d0e2.mp4,Coronavirus|Economy|,638,156273.3,2020-04-30
senate,Republican,ME,Issue Group,US Chamber of Commerce,Collins for ME Senate,Bipartisan Results,https://s3.amazonaws.com/pdfweb/videos/8e987c10-a9cc-49f3-ba96-d58a42c7fe33.mp4,Bipartisanship|Coronavirus|Jobs,626,195081.18,2020-06-16
senate,Democrat,GA,Issue Group,Majority Forward,Perdue for GA Senate,Look Out For Us,https://s3.amazonaws.com/pdfweb/videos/09f51293-6ad0-4266-bdb9-94b63d6f2b9f.mp4,Coronavirus|Healthcare|Special Interests,617,333482.05,2020-07-17
senate,Democrat,CO,Candidate,Hickenlooper for CO Senate,Hickenlooper for CO Senate,Right To Vote,https://s3.amazonaws.com/pdfweb/videos/4afeba43-c41c-4e53-8d02-11d734f4d1f4.mp4,Coronavirus|Voting Rights|,595,146429.3,2020-06-15
senate,Democrat,ME,Candidate,Gideon for ME Senate,Gideon for ME Senate,Make A Difference,https://s3.amazonaws.com/pdfweb/videos/7289afd9-7000-4416-87c0-c84387d54092.mp4,Coronavirus||,595,173770.76,2020-07-02
senate,Republican,AZ,Candidate,McSally for AZ Senate,McSally for AZ Senate,Safety for Arizona,https://s3.amazonaws.com/pdfweb/videos/e400e472-7cd5-47b0-a85e-50f02c9100a3.mp4,Coronavirus||,566,105715.05,2020-04-24
senate,Democrat,ME,Candidate,Gideon for ME Senate,Gideon for ME Senate,Changed Everything,https://s3.amazonaws.com/pdfweb/videos/5be88912-277a-4ba1-b782-aefd25476277.mp4,Coronavirus||,555,164235.45,2020-03-28
senate,Democrat,ME,Candidate,Gideon for ME Senate,Gideon for ME Senate,Failure Of Leadership,https://s3.amazonaws.com/pdfweb/videos/69928696-d255-4d2e-9677-a186de38e5c2.mp4,Coronavirus||,555,140860.66,2020-04-21
senate,Democrat,KS,Candidate,Bollier for KS Senate,Bollier for KS Senate,More Affordable Healthcare,https://s3.amazonaws.com/pdfweb/videos/f3cd6dab-2507-4d5c-9257-df208d1f35c1.mp4,Coronavirus|Healthcare|,546,67801.8,2020-06-16
senate,Republican,KY,Candidate,McConnell for KY Senate,McGrath for KY Senate,Fuels Fear,https://s3.amazonaws.com/pdfweb/videos/8ce31c04-c8cc-4aac-88c2-99771b8dc18c.mp4,Bipartisanship|Coronavirus|Jobs,544,96873.35,2020-03-23
senate,Republican,ME,Candidate,Collins for ME Senate,Collins for ME Senate,Paid & Employed,https://s3.amazonaws.com/pdfweb/videos/1ab241c8-b741-447f-985f-66cc2ea407b3.mp4,Coronavirus|Economy|,525,265735.16,2020-04-25
senate,Independent,MA,Issue Group,United for Massachusetts,Markey for MA Senate,Before,https://s3.amazonaws.com/pdfweb/videos/fc0a3995-e39b-42bb-b6a1-2d6db1422be0.mp4,Coronavirus|Energy|Environment,512,126094.13,2020-07-08
senate,Republican,ME,Candidate,Collins for ME Senate,Gideon for ME Senate,Ensuring Paychecks,https://s3.amazonaws.com/pdfweb/videos/8019de06-203b-49cf-8fad-b50ec8ec9698.mp4,Bipartisanship|Coronavirus|,493,139640.2,2020-04-18
senate,Republican,ME,Candidate,Collins for ME Senate,Gideon for ME Senate,Never Stopped,https://s3.amazonaws.com/pdfweb/videos/fd7bca19-95ca-4794-9b05-f5d199118248.mp4,Coronavirus|Jobs|,493,102377.7,2020-06-02
senate,Democrat,IA,Issue Group,Women Vote!,Ernst for IA Senate,Leaving Iowa Behind,https://s3.amazonaws.com/pdfweb/videos/f1922520-5ed7-4120-a270-9fb3c0855425.mp4,Coronavirus|Special Interests|,489,185195.51,2020-07-02
senate,Democrat,ME,Issue Group,Majority Forward,Collins for ME Senate,Made Excuses,https://s3.amazonaws.com/pdfweb/videos/44b2e61a-7349-4f15-87e0-7b92a1b9bb00.mp4,Coronavirus|Donald Trump|,486,157964.52,2020-07-16
senate,Republican,ME,Candidate,Collins for ME Senate,Collins for ME Senate,Making A Difference,https://s3.amazonaws.com/pdfweb/videos/9cfb9b2c-65a0-4c9d-a52c-b892596a9050.mp4,Coronavirus|Education|Healthcare,486,116432.5,2020-05-08
senate,Democrat,ME,Candidate,Gideon for ME Senate,Collins for ME Senate,Shouldn't Be Lecturing,https://s3.amazonaws.com/pdfweb/videos/7d2de969-b70e-4914-9b04-6d0cae9e700d.mp4,Coronavirus|Donald Trump|,477,63146.33,2020-07-10
senate,Republican,AZ,Candidate,McSally for AZ Senate,Kelly for AZ Senate,Protecting Arizona,https://s3.amazonaws.com/pdfweb/videos/fec59528-324c-4d3d-a16d-0002634ebda8.mp4,Coronavirus|Joe Biden|Taxation,453,82205.35,2020-06-09
senate,Republican,ME,Candidate,Collins for ME Senate,Collins for ME Senate,The Real Heroes,https://s3.amazonaws.com/pdfweb/videos/3a04a337-a18b-4a8a-890f-3b102b3ad0c3.mp4,Coronavirus||,448,125791.88,2020-03-26
senate,Democrat,NC,Issue Group,Majority Forward,Tillis for NC Senate,Put Families First,https://s3.amazonaws.com/pdfweb/videos/c4bfcb90-998b-45f5-8d5d-897c7982025c.mp4,Coronavirus|Healthcare|Jobs,434,229703.99,2020-07-20
senate,Republican,KS,Candidate,Marshall for KS Senate,Marshall for KS Senate,Solving Problems,https://s3.amazonaws.com/pdfweb/videos/3b226799-189d-4baa-96cb-d4a38f70804d.mp4,Abortion|Coronavirus|Donald Trump,430,35441.85,2020-05-18
senate,Democrat,ME,Candidate,Gideon for ME Senate,Gideon for ME Senate,A False Choice,https://s3.amazonaws.com/pdfweb/videos/de55dbab-5f0f-4ed4-aa6b-e10577ed1c24.mp4,Coronavirus|Economy|,418,100556.67,2020-05-12
senate,Republican,ME,Candidate,Collins for ME Senate,Collins for ME Senate,Employers Stepped Up,https://s3.amazonaws.com/pdfweb/videos/62dbaee3-281d-405a-8396-caee9b864805.mp4,Coronavirus||,413,128775.69,2020-04-13
senate,Republican,KS,Candidate,Marshall for KS Senate,Marshall for KS Senate,Pro-Life Doctor,https://s3.amazonaws.com/pdfweb/videos/d5f59a01-165c-4678-a8cc-ba596efbfa2a.mp4,Coronavirus|Donald Trump|Immigration,411,130923.44,2020-04-15
senate,Republican,ME,Candidate,Collins for ME Senate,Gideon for ME Senate,Zero Leadership,https://s3.amazonaws.com/pdfweb/videos/582a20a0-04d8-4231-a926-68eb0dae1143.mp4,Coronavirus|Jobs|Special Interests,394,62573.54,2020-07-03
senate,Democrat,AZ,Issue Group,Advancing Arizona,McSally for AZ Senate,Guess What?,https://s3.amazonaws.com/pdfweb/videos/054bd6f7-b014-45d5-b589-50f15d853a33.mp4,Coronavirus|Jobs|Taxation,372,220440.06,2020-07-10
senate,Democrat,GA,Candidate,Amico for GA Senate,Perdue for GA Senate,Faith Demands Action,https://s3.amazonaws.com/pdfweb/videos/4af5ec0a-f3c0-41d8-bb83-4c993d790d81.mp4,Coronavirus|Jobs|Voting Rights,354,350351.52,2020-05-20
senate,Republican,ME,Candidate,Collins for ME Senate,Collins for ME Senate,Help Small Businesses,https://s3.amazonaws.com/pdfweb/videos/3c5587ba-40c1-42e6-96eb-3143d546a525.mp4,Bipartisanship|Coronavirus|,352,128364.91,2020-04-06
senate,Republican,NM,Candidate,Ronchetti for NM Senate,Ronchetti for NM Senate,America Rises To Challenges,https://s3.amazonaws.com/pdfweb/videos/3d142d7b-df03-431e-9160-cec7627da18c.mp4,Coronavirus|Donald Trump|Immigration,344,65803.96,2020-05-05
senate,Democrat,ME,Issue Group,Tax March,Collins for ME Senate,Couldn't Be More Personal,https://s3.amazonaws.com/pdfweb/videos/5f481bbb-d742-48b7-b62f-f54af6a292e6.mp4,Coronavirus|General Negative|,336,129743.23,2020-05-05
senate,Democrat,NC,Issue Group,Majority Forward,Tillis for NC Senate,Everyone Does It,https://s3.amazonaws.com/pdfweb/videos/6e88dbd3-e32b-4e99-ba1a-05104273766c.mp4,Coronavirus|Healthcare|,330,218815.32,2020-07-18
senate,Democrat,KY,Issue Group,Ditch Fund,McConnell for KY Senate,Sabotaged,https://s3.amazonaws.com/pdfweb/videos/e9240af0-faf3-444e-9625-0b6d58c61916.mp4,Coronavirus|Healthcare|,327,103946.43,2020-05-27
senate,Republican,ME,Issue Group,One Nation,Collins for ME Senate,Pass Tax Relief,https://s3.amazonaws.com/pdfweb/videos/4a560689-524a-477d-aac1-0f07f1b30a28.mp4,Coronavirus|Taxation|,321,156275.57,2020-05-19
senate,Democrat,IA,Issue Group,Iowa Forward,Ernst for IA Senate,Denying Health Insurance,https://s3.amazonaws.com/pdfweb/videos/c4709316-fbca-4a34-beee-ad37e3b74275.mp4,Coronavirus|Healthcare|,319,142653.12,2020-04-13
senate,Republican,AZ,Candidate,McSally for AZ Senate,McSally for AZ Senate,Get Through This,https://s3.amazonaws.com/pdfweb/videos/53fc1087-df81-444f-b393-a008a03667bf.mp4,Coronavirus||,317,114377.42,2020-04-24
senate,Republican,ME,Issue Group,One Nation,Collins for ME Senate,Medical Supply Chain,https://s3.amazonaws.com/pdfweb/videos/566808ea-8887-4f54-ae60-f5c3e899c4f0.mp4,Coronavirus||,315,143371.09,2020-04-28
senate,Democrat,IA,Issue Group,Women Vote!,Ernst for IA Senate,It's Not Working,https://s3.amazonaws.com/pdfweb/videos/3e7edce2-f695-4469-824f-6d6b838e3382.mp4,Coronavirus|Special Interests|,312,140845.67,2020-07-09
senate,Republican,ME,Issue Group,One Nation,Collins for ME Senate,Smart Caring Policy,https://s3.amazonaws.com/pdfweb/videos/a0009571-16a7-4327-86d9-4a4f57e8947f.mp4,Coronavirus|Healthcare|Jobs,303,118944.49,2020-06-02
senate,Democrat,AZ,Issue Group,Advancing Arizona,McSally for AZ Senate,No DaÃ±es A Las Familias,https://s3.amazonaws.com/pdfweb/videos/45f3ac0c-faf5-4e71-ab9c-e1cb9ea4da4b.mp4,Coronavirus|Healthcare|,298,102898.06999999999,2020-04-22
senate,Republican,KS,Candidate,Hamilton for KS Senate,Hamilton for KS Senate,Killing Our People,https://s3.amazonaws.com/pdfweb/videos/63bd180a-03a9-49e6-a9b0-7a60f7ab4b76.mp4,Coronavirus|Jobs|,280,28925.79,2020-05-28
senate,Independent,KY,Issue Group,"American Federation of State, County, & Municipal Employees",McConnell for KY Senate,Painful Cuts,https://s3.amazonaws.com/pdfweb/videos/6481ab3e-6983-4436-8788-f45b48d97153.mp4,Budget|Coronavirus|Education,271,118855.37,2020-06-30
senate,Republican,ME,Candidate,Collins for ME Senate,Collins for ME Senate,Mainers Don't Panic,https://s3.amazonaws.com/pdfweb/videos/14f9b639-a091-4c9e-ad6d-23e09b1a39db.mp4,Coronavirus|Healthcare|,262,63298.76,2020-03-20
senate,Democrat,ME,Candidate,Gideon for ME Senate,Gideon for ME Senate,Importance Of Talking,https://s3.amazonaws.com/pdfweb/videos/e76f9049-c14b-4d51-9971-ba4895d35658.mp4,Coronavirus|Jobs|,246,164479.3,2020-04-10
senate,Republican,KS,Issue Group,Club for Growth Action,Marshall for KS Senate,Missed The Threat,https://s3.amazonaws.com/pdfweb/videos/8ba88069-94ed-4052-a3cf-55e1de5c456a.mp4,Coronavirus|Donald Trump|,244,68109.42,2020-05-01
senate,Republican,KS,Candidate,Hamilton for KS Senate,Hamilton for KS Senate,Bring Back America,https://s3.amazonaws.com/pdfweb/videos/4d829906-bfde-4c07-b330-60ab198b4765.mp4,Career Politicians|Coronavirus|Donald Trump,223,53564.29,2020-05-28
senate,Democrat,AZ,Issue Group,Advancing Arizona,McSally for AZ Senate,Unemployment Insurance,https://s3.amazonaws.com/pdfweb/videos/58e4f84c-0b98-4dbd-83d8-74188a64345c.mp4,Coronavirus|Jobs|Taxation,222,123037.09,2020-07-14
senate,Democrat,SC,Candidate,Harrison for SC Senate,Graham for SC Senate,Changed,https://s3.amazonaws.com/pdfweb/videos/6d728e4d-bbc3-42de-8293-6d934272ca5d.mp4,Coronavirus|Jobs|Medicare,216,32615.75,2020-07-20
senate,Republican,KY,Issue Group,Republicans for the Rule of Law,McConnell for KY Senate,We Need Resources,https://s3.amazonaws.com/pdfweb/videos/b0a75b88-980a-48d5-86c8-b4011a65b6b2.mp4,Coronavirus|Military|Voting Rights,189,42681.26,2020-05-15
senate,Republican,ME,Issue Group,One Nation,Collins for ME Senate,Small Business Tax Relief,https://s3.amazonaws.com/pdfweb/videos/b718b1b4-2dd0-48f0-be94-e734a98dcb89.mp4,Coronavirus|Jobs|Taxation,188,64365.51,2020-07-17
senate,Democrat,NC,Issue Group,Majority Forward,Tillis for NC Senate,Right About Now,https://s3.amazonaws.com/pdfweb/videos/786ecfe6-f1e5-4d7e-9703-03f5f833b2f8.mp4,Coronavirus|Healthcare|Jobs,160,83482.4,2020-07-21
senate,Republican,KY,Candidate,McConnell for KY Senate,McConnell for KY Senate,Crisis For Kentucky,https://s3.amazonaws.com/pdfweb/videos/335ba340-5e86-4e40-bcbe-85a4ff226c9e.mp4,Coronavirus|Jobs|,134,25300.61,2020-07-21
senate,Republican,AZ,Issue Group,The Lincoln Project,McSally for AZ Senate,Why?,https://s3.amazonaws.com/pdfweb/videos/1b35f6d3-ddc8-45ce-8421-78b619f7af5a.mp4,Coronavirus|Donald Trump|,124,49636.96,2020-05-07
senate,Republican,AL,Issue Group,One Nation,Jones for AL Senate,Protect Alabama Jobs,https://s3.amazonaws.com/pdfweb/videos/e280e5c3-3c19-484c-aec1-360409775138.mp4,Coronavirus|Jobs|Taxation,113,33858.090000000004,2020-07-21
senate,Democrat,KY,Issue Group,AFL-CIO,McConnell for KY Senate,Save Our Essential Services,https://s3.amazonaws.com/pdfweb/videos/fedc738d-7bb6-4225-ba25-86cca1ef67e0.mp4,Budget|Coronavirus|,101,23976.29,2020-07-14
senate,Democrat,GA,Issue Group,Undivided Purpose PAC,Tomlinson for GA Senate,Ready To Lead,https://s3.amazonaws.com/pdfweb/videos/ecfe4ce2-064f-4580-898b-61784a300c3b.mp4,Coronavirus|Donald Trump|,95,143609.2,2020-06-02
senate,Republican,CO,Issue Group,One Nation,Gardner for CO Senate,Stay Tough On China,https://s3.amazonaws.com/pdfweb/videos/9fc7c7af-5dbc-4eb8-8252-68e04f83c0fc.mp4,Coronavirus|Economy|Jobs,81,24817.08,2020-07-21
senate,Democrat,NE,Candidate,Shelton for NE Senate,Shelton for NE Senate,Seeds Of Change,https://s3.amazonaws.com/pdfweb/videos/d58e9a86-8c96-4da2-8d1c-80ff3602c37e.mp4,Coronavirus|Special Interests|,76,5773.54,2020-04-29
senate,Republican,NC,Issue Group,The Lincoln Project,Tillis for NC Senate,We See You,https://s3.amazonaws.com/pdfweb/videos/73321766-a37f-430b-b809-23ffc657e434.mp4,Coronavirus|Donald Trump|,66,41457.39,2020-05-19
senate,Independent,KY,Issue Group,Let America Vote PAC,McConnell for KY Senate,Protect Our Vote,https://s3.amazonaws.com/pdfweb/videos/ee9b92cc-008c-4a54-a85e-f64118e5d0ef.mp4,Coronavirus|Voting Rights|,40,0,2020-05-21
senate,Republican,KS,Issue Group,Club for Growth Action,Marshall for KS Senate,It Started In China,https://s3.amazonaws.com/pdfweb/videos/04b2102c-5218-4a28-979b-c5edec0d8d89.mp4,Coronavirus|Donald Trump|Taxation,34,4904.54,2020-06-23
senate,Democrat,NH,Candidate,Shaheen for NH Senate,Shaheen for NH Senate,Small Business Funding,https://s3.amazonaws.com/pdfweb/videos/867fdac7-4ac5-4036-bb5a-7d1dbdcbe04a.mp4,Bipartisanship|Coronavirus|Jobs,23,11604.62,2020-07-20
senate,Democrat,CO,Issue Group,Colorado's Working Families,Gardner for CO Senate,Smarter Than That,https://s3.amazonaws.com/pdfweb/videos/030e2e6d-a984-4931-86f5-0b64464a972d.mp4,Budget|Coronavirus|Healthcare,20,10920.89,2020-06-11
senate,Democrat,KY,Candidate,McGrath for KY Senate,McConnell for KY Senate,Blue State Bailouts,https://s3.amazonaws.com/pdfweb/videos/95470070-7006-4ab3-b88c-709ed868ff0d.mp4,Coronavirus|Jobs|,18,57692,2020-06-01
senate,Democrat,KY,Issue Group,AFSCME,McConnell for KY Senate,Fund Essential Services,https://s3.amazonaws.com/pdfweb/videos/d603931a-29d1-4cd8-82d0-532af7633979.mp4,Budget|Coronavirus|,18,8307.57,2020-07-17
senate,Republican,ME,Candidate,Collins for ME Senate,Collins for ME Senate,Must Work Together,https://s3.amazonaws.com/pdfweb/videos/eb0338a2-0b1d-47a9-a332-b5c9ef48c003.mp4,Coronavirus|Economy|Healthcare,17,4302.6,2020-03-18
